Amber,Paige	Kai,Remy	Jenna,Kari	Aasha,Brandon	Danny,Kylie	Basit,Jonathan	Justin,Max	Jasmine,Nour
Jenna,Paige	Danny,Kai	Aasha,Brandon	Basit,Jonathan	Max,Remy	Justin,Kylie	Jasmine,Nour	Amber,Kari
Jenna,Paige	Danny,Kai	Aasha,Brandon	Basit,Jonathan	Max,Remy	Amber,Kylie	Jasmine,Nour	Justin,Kari
Jenna,Paige	Danny,Kai	Aasha,Brandon	Basit,Jonathan	Amber,Max	Kylie,Remy	Jasmine,Nour	Justin,Kari
Jenna,Paige	Danny,Kai	Aasha,Brandon	Basit,Jonathan	Amber,Max	Justin,Kylie	Jasmine,Nour	Kari,Remy
Jenna,Paige	Danny,Kai	Aasha,Brandon	Basit,Jonathan	Kari,Max	Kylie,Remy	Jasmine,Nour	Amber,Justin
Jenna,Paige	Danny,Kai	Aasha,Brandon	Basit,Jonathan	Kari,Max	Justin,Kylie	Jasmine,Nour	Amber,Remy
Jenna,Paige	Danny,Kai	Aasha,Brandon	Basit,Jonathan	Kari,Max	Amber,Kylie	Jasmine,Nour	Justin,Remy
Jenna,Paige	Danny,Kai	Aasha,Brandon	Basit,Jonathan	Kylie,Max	Jasmine,Nour	Kari,Remy	Amber,Justin
Jenna,Paige	Danny,Kai	Aasha,Brandon	Basit,Jonathan	Kylie,Max	Jasmine,Nour	Justin,Kari	Amber,Remy
Jenna,Paige	Danny,Kai	Aasha,Brandon	Basit,Jonathan	Kylie,Max	Jasmine,Nour	Amber,Kari	Justin,Remy
